datetime_str,time,RA_3sigma,DEC_3sigma,SMAA_3sigma,SMIA_3sigma,Theta_3sigma,Area_3sigma,RSS_3sigma
2025-Jul-01 00:00,2025-07-01,0.052,0.033,0.052,0.033,2.486,0.0053971,0.062
2025-Jul-02 00:00,2025-07-02,0.05,0.033,0.05,0.033,2.382,0.0051437,0.06
2025-Jul-03 00:00,2025-07-03,0.048,0.032,0.048,0.032,2.272,0.0048963,0.058
2025-Jul-04 00:00,2025-07-04,0.046,0.032,0.046,0.032,2.154,0.0046557,0.056
2025-Jul-05 00:00,2025-07-05,0.044,0.032,0.044,0.032,2.024,0.0044229,0.055
2025-Jul-06 00:00,2025-07-06,0.043,0.031,0.043,0.031,1.88,0.0041991,0.053
2025-Jul-07 00:00,2025-07-07,0.041,0.031,0.041,0.031,1.714,0.0039852,0.051
2025-Jul-08 00:00,2025-07-08,0.039,0.031,0.039,0.031,1.516,0.0037827,0.05
2025-Jul-09 00:00,2025-07-09,0.038,0.03,0.038,0.03,1.272,0.0035926,0.048
2025-Jul-10 00:00,2025-07-10,0.036,0.03,0.036,0.03,0.957,0.0034164,0.047
2025-Jul-11 00:00,2025-07-11,0.035,0.03,0.035,0.03,0.535,0.0032554,0.046
2025-Jul-12 00:00,2025-07-12,0.034,0.03,0.034,0.03,-0.047,0.003111,0.045
2025-Jul-13 00:00,2025-07-13,0.032,0.029,0.032,0.029,-0.859,0.0029846,0.044
2025-Jul-14 00:00,2025-07-14,0.032,0.029,0.032,0.029,-1.97,0.0028773,0.043
2025-Jul-15 00:00,2025-07-15,0.031,0.029,0.031,0.029,-3.368,0.0027902,0.042
2025-Jul-16 00:00,2025-07-16,0.03,0.029,0.03,0.028,-4.845,0.0027238,0.042
2025-Jul-17 00:00,2025-07-17,0.03,0.028,0.03,0.028,-5.987,0.0026785,0.041
2025-Jul-18 00:00,2025-07-18,0.03,0.028,0.03,0.028,-6.473,0.0026541,0.041
2025-Jul-19 00:00,2025-07-19,0.03,0.028,0.03,0.028,-6.345,0.00265,0.041
2025-Jul-20 00:00,2025-07-20,0.031,0.028,0.031,0.028,-5.884,0.0026651,0.041
2025-Jul-21 00:00,2025-07-21,0.031,0.028,0.031,0.028,-5.335,0.0026982,0.042
2025-Jul-22 00:00,2025-07-22,0.032,0.027,0.032,0.027,-4.83,0.0027477,0.042
2025-Jul-23 00:00,2025-07-23,0.033,0.027,0.033,0.027,-4.413,0.0028118,0.043
2025-Jul-24 00:00,2025-07-24,0.034,0.027,0.034,0.027,-4.086,0.0028891,0.043
2025-Jul-25 00:00,2025-07-25,0.035,0.027,0.035,0.027,-3.838,0.0029778,0.044
2025-Jul-26 00:00,2025-07-26,0.036,0.027,0.036,0.027,-3.655,0.0030766,0.045
2025-Jul-27 00:00,2025-07-27,0.037,0.027,0.037,0.027,-3.524,0.0031841,0.046
2025-Jul-28 00:00,2025-07-28,0.038,0.027,0.038,0.027,-3.434,0.0032993,0.047
2025-Jul-29 00:00,2025-07-29,0.04,0.027,0.04,0.027,-3.375,0.0034213,0.048
2025-Jul-30 00:00,2025-07-30,0.041,0.028,0.041,0.027,-3.342,0.0035491,0.049
2025-Jul-31 00:00,2025-07-31,0.042,0.028,0.042,0.028,-3.328,0.0036821,0.051
2025-Aug-01 00:00,2025-08-01,0.044,0.028,0.044,0.028,-3.33,0.0038196,0.052
2025-Aug-02 00:00,2025-08-02,0.045,0.028,0.045,0.028,-3.344,0.0039611,0.053
2025-Aug-03 00:00,2025-08-03,0.046,0.028,0.046,0.028,-3.367,0.0041062,0.054
2025-Aug-04 00:00,2025-08-04,0.047,0.029,0.047,0.029,-3.398,0.0042542,0.055
2025-Aug-05 00:00,2025-08-05,0.049,0.029,0.049,0.029,-3.434,0.0044049,0.057
2025-Aug-06 00:00,2025-08-06,0.05,0.029,0.05,0.029,-3.475,0.0045576,0.058
2025-Aug-07 00:00,2025-08-07,0.051,0.03,0.051,0.029,-3.518,0.004712,0.059
2025-Aug-08 00:00,2025-08-08,0.052,0.03,0.052,0.03,-3.563,0.0048675,0.06
2025-Aug-09 00:00,2025-08-09,0.053,0.03,0.053,0.03,-3.608,0.0050237,0.061
2025-Aug-10 00:00,2025-08-10,0.054,0.031,0.054,0.031,-3.654,0.00518,0.062
2025-Aug-11 00:00,2025-08-11,0.054,0.031,0.054,0.031,-3.7,0.005336,0.063
2025-Aug-12 00:00,2025-08-12,0.055,0.032,0.055,0.032,-3.744,0.005491,0.064
2025-Aug-13 00:00,2025-08-13,0.056,0.032,0.056,0.032,-3.787,0.0056445,0.064
2025-Aug-14 00:00,2025-08-14,0.056,0.033,0.056,0.033,-3.828,0.0057959,0.065
2025-Aug-15 00:00,2025-08-15,0.057,0.033,0.057,0.033,-3.867,0.0059447,0.066
2025-Aug-16 00:00,2025-08-16,0.057,0.034,0.057,0.034,-3.904,0.0060902,0.067
2025-Aug-17 00:00,2025-08-17,0.057,0.035,0.058,0.034,-3.938,0.006232,0.067
2025-Aug-18 00:00,2025-08-18,0.058,0.035,0.058,0.035,-3.97,0.0063695,0.068
2025-Aug-19 00:00,2025-08-19,0.058,0.036,0.058,0.036,-4.001,0.0065021,0.068
2025-Aug-20 00:00,2025-08-20,0.058,0.036,0.058,0.036,-4.029,0.0066295,0.069
2025-Aug-21 00:00,2025-08-21,0.058,0.037,0.058,0.037,-4.057,0.0067511,0.069
2025-Aug-22 00:00,2025-08-22,0.058,0.038,0.058,0.038,-4.084,0.0068666,0.069
2025-Aug-23 00:00,2025-08-23,0.058,0.038,0.058,0.038,-4.112,0.0069757,0.069
2025-Aug-24 00:00,2025-08-24,0.058,0.039,0.058,0.039,-4.142,0.0070781,0.07
2025-Aug-25 00:00,2025-08-25,0.057,0.04,0.057,0.04,-4.176,0.0071736,0.07
2025-Aug-26 00:00,2025-08-26,0.057,0.041,0.057,0.04,-4.219,0.007262,0.07
2025-Aug-27 00:00,2025-08-27,0.057,0.041,0.057,0.041,-4.273,0.0073434,0.07
2025-Aug-28 00:00,2025-08-28,0.056,0.042,0.056,0.042,-4.344,0.0074177,0.07
2025-Aug-29 00:00,2025-08-29,0.056,0.043,0.056,0.043,-4.441,0.007485,0.07
2025-Aug-30 00:00,2025-08-30,0.055,0.043,0.055,0.043,-4.577,0.0075456,0.07
2025-Aug-31 00:00,2025-08-31,0.055,0.044,0.055,0.044,-4.77,0.0075998,0.07
2025-Sep-01 00:00,2025-09-01,0.054,0.045,0.054,0.045,-5.049,0.0076479,0.07
2025-Sep-02 00:00,2025-09-02,0.054,0.046,0.054,0.046,-5.467,0.0076904,0.07
2025-Sep-03 00:00,2025-09-03,0.053,0.046,0.053,0.046,-6.112,0.007728,0.07
2025-Sep-04 00:00,2025-09-04,0.052,0.047,0.053,0.047,-7.165,0.0077612,0.071
2025-Sep-05 00:00,2025-09-05,0.052,0.048,0.052,0.048,-9.034,0.007791,0.071
2025-Sep-06 00:00,2025-09-06,0.051,0.049,0.051,0.048,-12.849,0.0078181,0.071
2025-Sep-07 00:00,2025-09-07,0.051,0.049,0.051,0.049,-22.674,0.0078436,0.071
2025-Sep-08 00:00,2025-09-08,0.05,0.05,0.051,0.049,-49.108,0.0078684,0.071
2025-Sep-09 00:00,2025-09-09,0.049,0.051,0.051,0.049,-70.555,0.0078937,0.071
2025-Sep-10 00:00,2025-09-10,0.049,0.052,0.052,0.049,-77.867,0.0079208,0.071
2025-Sep-11 00:00,2025-09-11,0.048,0.052,0.053,0.048,-80.834,0.0079507,0.071
2025-Sep-12 00:00,2025-09-12,0.048,0.053,0.053,0.048,-82.256,0.0079849,0.072
2025-Sep-13 00:00,2025-09-13,0.047,0.054,0.054,0.047,-82.966,0.0080246,0.072
2025-Sep-14 00:00,2025-09-14,0.047,0.055,0.055,0.047,-83.287,0.0080711,0.072
2025-Sep-15 00:00,2025-09-15,0.047,0.055,0.056,0.047,-83.366,0.0081257,0.072
2025-Sep-16 00:00,2025-09-16,0.046,0.056,0.056,0.046,-83.277,0.0081896,0.073
2025-Sep-17 00:00,2025-09-17,0.046,0.057,0.057,0.046,-83.064,0.0082638,0.073
2025-Sep-18 00:00,2025-09-18,0.046,0.058,0.058,0.046,-82.753,0.0083495,0.074
2025-Sep-19 00:00,2025-09-19,0.046,0.058,0.059,0.046,-82.36,0.0084476,0.074
2025-Sep-20 00:00,2025-09-20,0.046,0.059,0.059,0.046,-81.896,0.0085587,0.075
2025-Sep-21 00:00,2025-09-21,0.046,0.06,0.06,0.046,-81.367,0.0086835,0.076
2025-Sep-22 00:00,2025-09-22,0.047,0.061,0.061,0.046,-80.779,0.0088224,0.076
2025-Sep-23 00:00,2025-09-23,0.047,0.061,0.062,0.046,-80.135,0.0089756,0.077
2025-Sep-24 00:00,2025-09-24,0.047,0.062,0.062,0.047,-79.438,0.0091431,0.078
2025-Sep-25 00:00,2025-09-25,0.048,0.063,0.063,0.047,-78.689,0.0093248,0.079
2025-Sep-26 00:00,2025-09-26,0.048,0.063,0.064,0.047,-77.891,0.0095203,0.08
2025-Sep-27 00:00,2025-09-27,0.049,0.064,0.065,0.048,-77.045,0.0097292,0.081
2025-Sep-28 00:00,2025-09-28,0.049,0.065,0.066,0.048,-76.153,0.0099507,0.081
2025-Sep-29 00:00,2025-09-29,0.05,0.065,0.066,0.049,-75.217,0.010184,0.082
2025-Sep-30 00:00,2025-09-30,0.051,0.066,0.067,0.049,-74.239,0.0104283,0.083
2025-Oct-01 00:00,2025-10-01,0.052,0.067,0.068,0.05,-73.222,0.0106825,0.084
2025-Oct-02 00:00,2025-10-02,0.053,0.067,0.069,0.051,-72.169,0.0109454,0.085
2025-Oct-03 00:00,2025-10-03,0.054,0.068,0.069,0.051,-71.083,0.0112158,0.086
2025-Oct-04 00:00,2025-10-04,0.055,0.068,0.07,0.052,-69.967,0.0114924,0.087
2025-Oct-05 00:00,2025-10-05,0.056,0.069,0.071,0.053,-68.827,0.0117739,0.088
2025-Oct-06 00:00,2025-10-06,0.057,0.069,0.072,0.054,-67.666,0.0120589,0.089
2025-Oct-07 00:00,2025-10-07,0.058,0.07,0.072,0.054,-66.489,0.012346,0.091
2025-Oct-08 00:00,2025-10-08,0.059,0.07,0.073,0.055,-65.302,0.0126337,0.092
2025-Oct-09 00:00,2025-10-09,0.06,0.071,0.074,0.056,-64.109,0.0129206,0.093
2025-Oct-10 00:00,2025-10-10,0.061,0.071,0.075,0.056,-62.915,0.0132053,0.093
2025-Oct-11 00:00,2025-10-11,0.062,0.072,0.075,0.057,-61.726,0.0134863,0.094
2025-Oct-12 00:00,2025-10-12,0.063,0.072,0.076,0.058,-60.545,0.0137621,0.095
2025-Oct-13 00:00,2025-10-13,0.064,0.072,0.077,0.058,-59.377,0.0140315,0.096
2025-Oct-14 00:00,2025-10-14,0.065,0.073,0.077,0.059,-58.226,0.0142929,0.097
2025-Oct-15 00:00,2025-10-15,0.065,0.073,0.078,0.06,-57.094,0.0145451,0.098
2025-Oct-16 00:00,2025-10-16,0.066,0.073,0.078,0.06,-55.984,0.0147868,0.099
2025-Oct-17 00:00,2025-10-17,0.067,0.073,0.079,0.061,-54.899,0.0150167,0.099
2025-Oct-18 00:00,2025-10-18,0.068,0.073,0.079,0.061,-53.839,0.0152339,0.1
2025-Oct-19 00:00,2025-10-19,0.069,0.074,0.08,0.062,-52.806,0.0154371,0.101
2025-Oct-20 00:00,2025-10-20,0.07,0.074,0.08,0.062,-51.799,0.0156256,0.101
2025-Oct-21 00:00,2025-10-21,0.07,0.074,0.08,0.063,-50.818,0.0157984,0.102
2025-Oct-22 00:00,2025-10-22,0.071,0.074,0.081,0.063,-49.863,0.015955,0.102
2025-Oct-23 00:00,2025-10-23,0.071,0.074,0.081,0.063,-48.932,0.0160947,0.103
2025-Oct-24 00:00,2025-10-24,0.072,0.074,0.081,0.064,-48.024,0.0162173,0.103
2025-Oct-25 00:00,2025-10-25,0.072,0.074,0.081,0.064,-47.137,0.0163226,0.103
2025-Oct-26 00:00,2025-10-26,0.073,0.074,0.081,0.064,-46.27,0.0164106,0.104
2025-Oct-27 00:00,2025-10-27,0.073,0.073,0.081,0.065,-45.419,0.0164817,0.104
2025-Oct-28 00:00,2025-10-28,0.074,0.073,0.081,0.065,-44.584,0.0165362,0.104
2025-Oct-29 00:00,2025-10-29,0.074,0.073,0.081,0.065,-43.761,0.0165749,0.104
2025-Oct-30 00:00,2025-10-30,0.074,0.073,0.081,0.065,-42.951,0.0165987,0.104
2025-Oct-31 00:00,2025-10-31,0.074,0.073,0.081,0.066,-42.152,0.0166088,0.104
2025-Nov-01 00:00,2025-11-01,0.074,0.073,0.08,0.066,-41.364,0.0166066,0.104
2025-Nov-02 00:00,2025-11-02,0.074,0.072,0.08,0.066,-40.588,0.0165935,0.104
2025-Nov-03 00:00,2025-11-03,0.075,0.072,0.08,0.066,-39.826,0.0165714,0.104
2025-Nov-04 00:00,2025-11-04,0.075,0.072,0.08,0.066,-39.081,0.016542,0.104
2025-Nov-05 00:00,2025-11-05,0.075,0.072,0.08,0.066,-38.36,0.0165073,0.103
2025-Nov-06 00:00,2025-11-06,0.075,0.071,0.079,0.066,-37.668,0.0164692,0.103
2025-Nov-07 00:00,2025-11-07,0.075,0.071,0.079,0.066,-37.014,0.0164297,0.103
2025-Nov-08 00:00,2025-11-08,0.075,0.071,0.079,0.066,-36.407,0.0163906,0.103
2025-Nov-09 00:00,2025-11-09,0.075,0.071,0.079,0.066,-35.856,0.0163536,0.103
2025-Nov-10 00:00,2025-11-10,0.075,0.071,0.079,0.066,-35.371,0.0163203,0.103
2025-Nov-11 00:00,2025-11-11,0.075,0.07,0.079,0.066,-34.957,0.0162921,0.103
2025-Nov-12 00:00,2025-11-12,0.075,0.07,0.079,0.066,-34.619,0.0162698,0.103
2025-Nov-13 00:00,2025-11-13,0.075,0.07,0.079,0.066,-34.361,0.0162542,0.103
2025-Nov-14 00:00,2025-11-14,0.075,0.07,0.079,0.066,-34.179,0.0162457,0.103
2025-Nov-15 00:00,2025-11-15,0.075,0.07,0.079,0.065,-34.069,0.0162443,0.103
2025-Nov-16 00:00,2025-11-16,0.075,0.07,0.079,0.065,-34.024,0.0162497,0.103
2025-Nov-17 00:00,2025-11-17,0.075,0.07,0.079,0.065,-34.034,0.0162615,0.103
2025-Nov-18 00:00,2025-11-18,0.075,0.07,0.08,0.065,-34.088,0.0162787,0.103
2025-Nov-19 00:00,2025-11-19,0.076,0.07,0.08,0.065,-34.175,0.0163003,0.103
2025-Nov-20 00:00,2025-11-20,0.076,0.07,0.08,0.065,-34.284,0.0163254,0.103
2025-Nov-21 00:00,2025-11-21,0.076,0.07,0.081,0.064,-34.404,0.0163525,0.103
2025-Nov-22 00:00,2025-11-22,0.076,0.07,0.081,0.064,-34.524,0.0163806,0.103
2025-Nov-23 00:00,2025-11-23,0.076,0.07,0.081,0.064,-34.636,0.0164084,0.104
2025-Nov-24 00:00,2025-11-24,0.076,0.07,0.082,0.064,-34.732,0.016435,0.104
2025-Nov-25 00:00,2025-11-25,0.077,0.07,0.082,0.064,-34.804,0.0164593,0.104
2025-Nov-26 00:00,2025-11-26,0.077,0.07,0.083,0.064,-34.844,0.0164807,0.104
2025-Nov-27 00:00,2025-11-27,0.077,0.07,0.083,0.063,-34.845,0.0164987,0.104
2025-Nov-28 00:00,2025-11-28,0.077,0.07,0.083,0.063,-34.802,0.0165131,0.104
2025-Nov-29 00:00,2025-11-29,0.077,0.07,0.083,0.063,-34.707,0.0165238,0.105
2025-Nov-30 00:00,2025-11-30,0.078,0.07,0.084,0.063,-34.553,0.0165313,0.105
2025-Dec-01 00:00,2025-12-01,0.078,0.07,0.084,0.063,-34.333,0.016536,0.105
2025-Dec-02 00:00,2025-12-02,0.078,0.07,0.084,0.063,-34.039,0.0165388,0.105
2025-Dec-03 00:00,2025-12-03,0.078,0.07,0.084,0.063,-33.665,0.0165407,0.105
2025-Dec-04 00:00,2025-12-04,0.078,0.07,0.084,0.062,-33.204,0.0165429,0.105
2025-Dec-05 00:00,2025-12-05,0.079,0.07,0.084,0.062,-32.649,0.0165467,0.105
2025-Dec-06 00:00,2025-12-06,0.079,0.069,0.085,0.062,-31.995,0.0165536,0.105
2025-Dec-07 00:00,2025-12-07,0.079,0.069,0.085,0.062,-31.239,0.0165651,0.105
2025-Dec-08 00:00,2025-12-08,0.08,0.069,0.085,0.062,-30.382,0.0165827,0.105
2025-Dec-09 00:00,2025-12-09,0.08,0.068,0.085,0.062,-29.426,0.0166078,0.105
2025-Dec-10 00:00,2025-12-10,0.081,0.068,0.085,0.062,-28.379,0.0166417,0.106
2025-Dec-11 00:00,2025-12-11,0.081,0.068,0.086,0.062,-27.254,0.0166856,0.106
2025-Dec-12 00:00,2025-12-12,0.082,0.067,0.086,0.062,-26.068,0.0167406,0.106
2025-Dec-13 00:00,2025-12-13,0.083,0.067,0.086,0.062,-24.842,0.0168073,0.106
2025-Dec-14 00:00,2025-12-14,0.083,0.067,0.087,0.062,-23.6,0.0168864,0.107
2025-Dec-15 00:00,2025-12-15,0.084,0.066,0.087,0.062,-22.365,0.0169782,0.107
2025-Dec-16 00:00,2025-12-16,0.085,0.066,0.088,0.062,-21.161,0.0170827,0.108
2025-Dec-17 00:00,2025-12-17,0.086,0.065,0.089,0.062,-20.01,0.0171996,0.108
2025-Dec-18 00:00,2025-12-18,0.087,0.065,0.09,0.062,-18.927,0.0173285,0.109
2025-Dec-19 00:00,2025-12-19,0.088,0.065,0.091,0.061,-17.925,0.0174685,0.109
2025-Dec-20 00:00,2025-12-20,0.089,0.064,0.091,0.061,-17.011,0.0176188,0.11
2025-Dec-21 00:00,2025-12-21,0.09,0.064,0.092,0.061,-16.188,0.0177781,0.111
2025-Dec-22 00:00,2025-12-22,0.092,0.064,0.093,0.061,-15.455,0.017945,0.112
2025-Dec-23 00:00,2025-12-23,0.093,0.064,0.094,0.061,-14.809,0.0181178,0.112
2025-Dec-24 00:00,2025-12-24,0.094,0.064,0.095,0.061,-14.245,0.0182948,0.113
2025-Dec-25 00:00,2025-12-25,0.095,0.064,0.096,0.061,-13.757,0.018474,0.114
2025-Dec-26 00:00,2025-12-26,0.096,0.063,0.097,0.061,-13.338,0.0186535,0.115
2025-Dec-27 00:00,2025-12-27,0.097,0.063,0.098,0.061,-12.981,0.018831,0.116
2025-Dec-28 00:00,2025-12-28,0.098,0.063,0.099,0.061,-12.68,0.0190045,0.116
2025-Dec-29 00:00,2025-12-29,0.098,0.063,0.1,0.061,-12.429,0.0191717,0.117
2025-Dec-30 00:00,2025-12-30,0.099,0.064,0.1,0.061,-12.222,0.0193305,0.118
2025-Dec-31 00:00,2025-12-31,0.1,0.064,0.101,0.061,-12.056,0.0194788,0.118
2026-Jan-01 00:00,2026-01-01,0.1,0.064,0.101,0.062,-11.925,0.0196145,0.119
2026-Jan-02 00:00,2026-01-02,0.1,0.064,0.102,0.062,-11.828,0.019736,0.119
2026-Jan-03 00:00,2026-01-03,0.1,0.064,0.102,0.062,-11.76,0.0198414,0.119
2026-Jan-04 00:00,2026-01-04,0.1,0.064,0.102,0.062,-11.721,0.0199295,0.119
2026-Jan-05 00:00,2026-01-05,0.1,0.065,0.102,0.063,-11.709,0.0199992,0.119
2026-Jan-06 00:00,2026-01-06,0.1,0.065,0.101,0.063,-11.723,0.0200495,0.119
2026-Jan-07 00:00,2026-01-07,0.1,0.065,0.101,0.063,-11.763,0.02008,0.119
2026-Jan-08 00:00,2026-01-08,0.099,0.066,0.101,0.064,-11.829,0.0200906,0.119
2026-Jan-09 00:00,2026-01-09,0.099,0.066,0.1,0.064,-11.921,0.0200815,0.119
2026-Jan-10 00:00,2026-01-10,0.098,0.066,0.099,0.064,-12.041,0.0200533,0.118
2026-Jan-11 00:00,2026-01-11,0.097,0.067,0.099,0.065,-12.188,0.0200068,0.118
2026-Jan-12 00:00,2026-01-12,0.096,0.067,0.098,0.065,-12.364,0.0199435,0.117
2026-Jan-13 00:00,2026-01-13,0.095,0.067,0.097,0.065,-12.57,0.0198649,0.117
2026-Jan-14 00:00,2026-01-14,0.095,0.068,0.096,0.066,-12.807,0.0197729,0.116
2026-Jan-15 00:00,2026-01-15,0.093,0.068,0.095,0.066,-13.074,0.0196699,0.116
2026-Jan-16 00:00,2026-01-16,0.092,0.068,0.094,0.066,-13.372,0.0195583,0.115
2026-Jan-17 00:00,2026-01-17,0.091,0.068,0.093,0.067,-13.7,0.0194407,0.114
2026-Jan-18 00:00,2026-01-18,0.09,0.069,0.092,0.067,-14.054,0.0193201,0.114
2026-Jan-19 00:00,2026-01-19,0.089,0.069,0.091,0.067,-14.431,0.0191994,0.113
2026-Jan-20 00:00,2026-01-20,0.088,0.069,0.09,0.068,-14.823,0.0190816,0.112
2026-Jan-21 00:00,2026-01-21,0.087,0.07,0.089,0.068,-15.223,0.0189699,0.112
2026-Jan-22 00:00,2026-01-22,0.086,0.07,0.088,0.068,-15.616,0.0188672,0.111
2026-Jan-23 00:00,2026-01-23,0.086,0.07,0.087,0.069,-15.986,0.0187766,0.111
2026-Jan-24 00:00,2026-01-24,0.085,0.071,0.086,0.069,-16.312,0.0187008,0.11
2026-Jan-25 00:00,2026-01-25,0.084,0.071,0.086,0.069,-16.568,0.0186425,0.11
2026-Jan-26 00:00,2026-01-26,0.084,0.071,0.085,0.07,-16.726,0.0186041,0.11
2026-Jan-27 00:00,2026-01-27,0.083,0.071,0.084,0.07,-16.754,0.0185876,0.11
2026-Jan-28 00:00,2026-01-28,0.083,0.072,0.084,0.07,-16.619,0.018595,0.11
2026-Jan-29 00:00,2026-01-29,0.083,0.072,0.084,0.071,-16.294,0.0186276,0.11
2026-Jan-30 00:00,2026-01-30,0.083,0.072,0.084,0.071,-15.755,0.0186866,0.11
2026-Jan-31 00:00,2026-01-31,0.083,0.072,0.084,0.071,-14.99,0.0187727,0.11
2026-Feb-01 00:00,2026-02-01,0.083,0.072,0.084,0.072,-14.002,0.0188864,0.11
2026-Feb-02 00:00,2026-02-02,0.084,0.073,0.084,0.072,-12.813,0.0190276,0.111
2026-Feb-03 00:00,2026-02-03,0.084,0.073,0.084,0.072,-11.46,0.0191961,0.111
2026-Feb-04 00:00,2026-02-04,0.085,0.073,0.085,0.073,-9.995,0.0193914,0.112
2026-Feb-05 00:00,2026-02-05,0.085,0.073,0.086,0.073,-8.475,0.0196125,0.112
2026-Feb-06 00:00,2026-02-06,0.086,0.073,0.086,0.073,-6.959,0.0198586,0.113
2026-Feb-07 00:00,2026-02-07,0.087,0.074,0.087,0.073,-5.494,0.0201283,0.114
2026-Feb-08 00:00,2026-02-08,0.088,0.074,0.088,0.074,-4.118,0.0204203,0.115
2026-Feb-09 00:00,2026-02-09,0.089,0.074,0.089,0.074,-2.853,0.0207331,0.116
2026-Feb-10 00:00,2026-02-10,0.091,0.074,0.091,0.074,-1.711,0.0210653,0.117
2026-Feb-11 00:00,2026-02-11,0.092,0.074,0.092,0.074,-0.692,0.0214154,0.118
2026-Feb-12 00:00,2026-02-12,0.093,0.074,0.093,0.074,0.208,0.0217817,0.119
2026-Feb-13 00:00,2026-02-13,0.095,0.074,0.095,0.074,0.999,0.0221629,0.121
2026-Feb-14 00:00,2026-02-14,0.096,0.074,0.096,0.074,1.691,0.0225573,0.122
2026-Feb-15 00:00,2026-02-15,0.098,0.075,0.098,0.075,2.295,0.0229636,0.123
2026-Feb-16 00:00,2026-02-16,0.1,0.075,0.1,0.075,2.823,0.0233805,0.125
2026-Feb-17 00:00,2026-02-17,0.101,0.075,0.101,0.075,3.284,0.0238067,0.126
2026-Feb-18 00:00,2026-02-18,0.103,0.075,0.103,0.075,3.687,0.024241,0.127
2026-Feb-19 00:00,2026-02-19,0.105,0.075,0.105,0.075,4.04,0.0246823,0.129
2026-Feb-20 00:00,2026-02-20,0.107,0.075,0.107,0.075,4.349,0.0251295,0.13
2026-Feb-21 00:00,2026-02-21,0.108,0.075,0.109,0.075,4.621,0.0255817,0.132
2026-Feb-22 00:00,2026-02-22,0.11,0.075,0.111,0.075,4.861,0.0260382,0.134
2026-Feb-23 00:00,2026-02-23,0.112,0.075,0.112,0.075,5.073,0.0264979,0.135
2026-Feb-24 00:00,2026-02-24,0.114,0.075,0.114,0.075,5.26,0.0269604,0.137
2026-Feb-25 00:00,2026-02-25,0.116,0.076,0.116,0.075,5.425,0.0274249,0.138
2026-Feb-26 00:00,2026-02-26,0.118,0.076,0.118,0.075,5.572,0.0278907,0.14
2026-Feb-27 00:00,2026-02-27,0.12,0.076,0.12,0.075,5.703,0.0283576,0.142
2026-Feb-28 00:00,2026-02-28,0.122,0.076,0.122,0.075,5.819,0.0288248,0.143
2026-Mar-01 00:00,2026-03-01,0.124,0.076,0.124,0.075,5.922,0.0292921,0.145
2026-Mar-02 00:00,2026-03-02,0.125,0.076,0.126,0.075,6.013,0.029759,0.147
2026-Mar-03 00:00,2026-03-03,0.127,0.076,0.128,0.075,6.094,0.0302252,0.148
2026-Mar-04 00:00,2026-03-04,0.129,0.076,0.13,0.075,6.166,0.0306904,0.15
2026-Mar-05 00:00,2026-03-05,0.131,0.076,0.132,0.075,6.23,0.0311544,0.152
2026-Mar-06 00:00,2026-03-06,0.133,0.076,0.134,0.075,6.286,0.0316169,0.153
2026-Mar-07 00:00,2026-03-07,0.135,0.076,0.136,0.075,6.336,0.0320777,0.155
2026-Mar-08 00:00,2026-03-08,0.137,0.076,0.138,0.075,6.379,0.0325367,0.157
2026-Mar-09 00:00,2026-03-09,0.139,0.076,0.139,0.075,6.416,0.0329936,0.158
2026-Mar-10 00:00,2026-03-10,0.141,0.077,0.141,0.075,6.449,0.0334485,0.16
2026-Mar-11 00:00,2026-03-11,0.143,0.077,0.143,0.075,6.477,0.0339011,0.162
2026-Mar-12 00:00,2026-03-12,0.144,0.077,0.145,0.075,6.5,0.0343514,0.164
2026-Mar-13 00:00,2026-03-13,0.146,0.077,0.147,0.075,6.52,0.0347994,0.165
2026-Mar-14 00:00,2026-03-14,0.148,0.077,0.149,0.075,6.536,0.0352451,0.167
2026-Mar-15 00:00,2026-03-15,0.15,0.077,0.151,0.075,6.548,0.0356885,0.169
2026-Mar-16 00:00,2026-03-16,0.152,0.077,0.153,0.075,6.558,0.0361298,0.17
2026-Mar-17 00:00,2026-03-17,0.154,0.077,0.154,0.075,6.565,0.0365689,0.172
2026-Mar-18 00:00,2026-03-18,0.156,0.077,0.156,0.075,6.57,0.0370059,0.174
2026-Mar-19 00:00,2026-03-19,0.157,0.077,0.158,0.075,6.572,0.037441,0.175
2026-Mar-20 00:00,2026-03-20,0.159,0.077,0.16,0.075,6.572,0.0378743,0.177
2026-Mar-21 00:00,2026-03-21,0.161,0.077,0.162,0.075,6.57,0.0383057,0.178
2026-Mar-22 00:00,2026-03-22,0.163,0.077,0.164,0.075,6.566,0.0387354,0.18
2026-Mar-23 00:00,2026-03-23,0.165,0.077,0.165,0.075,6.559,0.0391633,0.182
2026-Mar-24 00:00,2026-03-24,0.166,0.077,0.167,0.075,6.551,0.0395896,0.183
2026-Mar-25 00:00,2026-03-25,0.168,0.077,0.169,0.075,6.541,0.0400143,0.185
2026-Mar-26 00:00,2026-03-26,0.17,0.077,0.171,0.075,6.529,0.0404374,0.187
2026-Mar-27 00:00,2026-03-27,0.172,0.077,0.173,0.075,6.515,0.0408589,0.188
2026-Mar-28 00:00,2026-03-28,0.173,0.077,0.174,0.075,6.499,0.041279,0.19
2026-Mar-29 00:00,2026-03-29,0.175,0.078,0.176,0.075,6.481,0.0416977,0.191
2026-Mar-30 00:00,2026-03-30,0.177,0.078,0.178,0.075,6.462,0.0421151,0.193
2026-Mar-31 00:00,2026-03-31,0.179,0.078,0.179,0.075,6.441,0.0425311,0.195
2026-Apr-01 00:00,2026-04-01,0.18,0.078,0.181,0.075,6.418,0.042946,0.196
2026-Apr-02 00:00,2026-04-02,0.182,0.078,0.183,0.075,6.394,0.0433597,0.198
2026-Apr-03 00:00,2026-04-03,0.184,0.078,0.185,0.075,6.369,0.0437724,0.199
2026-Apr-04 00:00,2026-04-04,0.185,0.078,0.186,0.076,6.342,0.0441841,0.201
2026-Apr-05 00:00,2026-04-05,0.187,0.078,0.188,0.076,6.314,0.0445949,0.203
2026-Apr-06 00:00,2026-04-06,0.189,0.078,0.19,0.076,6.284,0.0450049,0.204
2026-Apr-07 00:00,2026-04-07,0.19,0.078,0.191,0.076,6.253,0.0454142,0.206
2026-Apr-08 00:00,2026-04-08,0.192,0.078,0.193,0.076,6.221,0.0458227,0.207
2026-Apr-09 00:00,2026-04-09,0.194,0.078,0.195,0.076,6.188,0.0462307,0.209
2026-Apr-10 00:00,2026-04-10,0.195,0.078,0.196,0.076,6.154,0.0466382,0.21
2026-Apr-11 00:00,2026-04-11,0.197,0.078,0.198,0.076,6.119,0.0470453,0.212
2026-Apr-12 00:00,2026-04-12,0.199,0.078,0.2,0.076,6.083,0.047452,0.213
2026-Apr-13 00:00,2026-04-13,0.2,0.078,0.201,0.076,6.046,0.0478584,0.215
2026-Apr-14 00:00,2026-04-14,0.202,0.078,0.203,0.076,6.008,0.0482647,0.216
2026-Apr-15 00:00,2026-04-15,0.203,0.078,0.204,0.076,5.969,0.0486709,0.218
2026-Apr-16 00:00,2026-04-16,0.205,0.078,0.206,0.076,5.929,0.0490771,0.22
2026-Apr-17 00:00,2026-04-17,0.207,0.078,0.208,0.076,5.889,0.0494834,0.221
2026-Apr-18 00:00,2026-04-18,0.208,0.078,0.209,0.076,5.848,0.0498899,0.223
2026-Apr-19 00:00,2026-04-19,0.21,0.079,0.211,0.076,5.806,0.0502966,0.224
2026-Apr-20 00:00,2026-04-20,0.211,0.079,0.212,0.076,5.763,0.0507036,0.226
2026-Apr-21 00:00,2026-04-21,0.213,0.079,0.214,0.076,5.719,0.051111,0.227
2026-Apr-22 00:00,2026-04-22,0.215,0.079,0.216,0.076,5.675,0.0515189,0.229
2026-Apr-23 00:00,2026-04-23,0.216,0.079,0.217,0.076,5.631,0.0519273,0.23
2026-Apr-24 00:00,2026-04-24,0.218,0.079,0.219,0.076,5.585,0.0523364,0.232
2026-Apr-25 00:00,2026-04-25,0.219,0.079,0.22,0.076,5.539,0.0527461,0.233
2026-Apr-26 00:00,2026-04-26,0.221,0.079,0.222,0.076,5.493,0.0531566,0.235
2026-Apr-27 00:00,2026-04-27,0.223,0.079,0.223,0.076,5.446,0.0535679,0.236
2026-Apr-28 00:00,2026-04-28,0.224,0.079,0.225,0.076,5.399,0.05398,0.238
2026-Apr-29 00:00,2026-04-29,0.226,0.079,0.227,0.076,5.351,0.0543931,0.239
2026-Apr-30 00:00,2026-04-30,0.227,0.079,0.228,0.076,5.303,0.0548071,0.241
2026-May-01 00:00,2026-05-01,0.229,0.079,0.23,0.077,5.254,0.0552222,0.242
2026-May-02 00:00,2026-05-02,0.23,0.079,0.231,0.077,5.205,0.0556384,0.244
2026-May-03 00:00,2026-05-03,0.232,0.079,0.233,0.077,5.156,0.0560557,0.245
2026-May-04 00:00,2026-05-04,0.233,0.079,0.234,0.077,5.106,0.0564743,0.246
2026-May-05 00:00,2026-05-05,0.235,0.079,0.236,0.077,5.056,0.0568941,0.248
2026-May-06 00:00,2026-05-06,0.236,0.079,0.237,0.077,5.006,0.0573153,0.249
2026-May-07 00:00,2026-05-07,0.238,0.079,0.239,0.077,4.955,0.0577378,0.251
2026-May-08 00:00,2026-05-08,0.24,0.079,0.24,0.077,4.904,0.0581618,0.252
2026-May-09 00:00,2026-05-09,0.241,0.079,0.242,0.077,4.853,0.0585873,0.254
2026-May-10 00:00,2026-05-10,0.243,0.08,0.243,0.077,4.802,0.0590143,0.255
2026-May-11 00:00,2026-05-11,0.244,0.08,0.245,0.077,4.75,0.059443,0.257
2026-May-12 00:00,2026-05-12,0.246,0.08,0.246,0.077,4.698,0.0598733,0.258
2026-May-13 00:00,2026-05-13,0.247,0.08,0.248,0.077,4.646,0.0603054,0.26
2026-May-14 00:00,2026-05-14,0.249,0.08,0.249,0.077,4.594,0.0607392,0.261
2026-May-15 00:00,2026-05-15,0.25,0.08,0.251,0.078,4.542,0.0611749,0.263
2026-May-16 00:00,2026-05-16,0.252,0.08,0.253,0.078,4.489,0.0616126,0.264
2026-May-17 00:00,2026-05-17,0.253,0.08,0.254,0.078,4.437,0.0620521,0.266
2026-May-18 00:00,2026-05-18,0.255,0.08,0.256,0.078,4.384,0.0624938,0.267
2026-May-19 00:00,2026-05-19,0.256,0.08,0.257,0.078,4.331,0.0629374,0.269
2026-May-20 00:00,2026-05-20,0.258,0.08,0.259,0.078,4.278,0.0633832,0.27
2026-May-21 00:00,2026-05-21,0.259,0.08,0.26,0.078,4.225,0.0638312,0.272
2026-May-22 00:00,2026-05-22,0.261,0.08,0.262,0.078,4.172,0.0642814,0.273
2026-May-23 00:00,2026-05-23,0.262,0.08,0.263,0.078,4.119,0.0647338,0.274
2026-May-24 00:00,2026-05-24,0.264,0.08,0.265,0.078,4.066,0.0651885,0.276
2026-May-25 00:00,2026-05-25,0.265,0.081,0.266,0.079,4.013,0.0656456,0.277
2026-May-26 00:00,2026-05-26,0.267,0.081,0.268,0.079,3.96,0.066105,0.279
2026-May-27 00:00,2026-05-27,0.269,0.081,0.269,0.079,3.907,0.0665668,0.28
2026-May-28 00:00,2026-05-28,0.27,0.081,0.271,0.079,3.854,0.0670311,0.282
2026-May-29 00:00,2026-05-29,0.272,0.081,0.272,0.079,3.801,0.0674978,0.283
2026-May-30 00:00,2026-05-30,0.273,0.081,0.274,0.079,3.748,0.0679671,0.285
2026-May-31 00:00,2026-05-31,0.275,0.081,0.275,0.079,3.696,0.0684389,0.286
2026-Jun-01 00:00,2026-06-01,0.276,0.081,0.277,0.079,3.643,0.0689133,0.288
2026-Jun-02 00:00,2026-06-02,0.278,0.081,0.278,0.079,3.59,0.0693904,0.289
2026-Jun-03 00:00,2026-06-03,0.279,0.081,0.28,0.08,3.538,0.0698701,0.291
2026-Jun-04 00:00,2026-06-04,0.281,0.081,0.281,0.08,3.485,0.0703526,0.292
2026-Jun-05 00:00,2026-06-05,0.282,0.081,0.283,0.08,3.433,0.0708378,0.294
2026-Jun-06 00:00,2026-06-06,0.284,0.082,0.284,0.08,3.381,0.0713258,0.295
2026-Jun-07 00:00,2026-06-07,0.285,0.082,0.286,0.08,3.329,0.0718166,0.297
2026-Jun-08 00:00,2026-06-08,0.287,0.082,0.287,0.08,3.277,0.0723103,0.298
2026-Jun-09 00:00,2026-06-09,0.288,0.082,0.289,0.08,3.225,0.072807,0.3
2026-Jun-10 00:00,2026-06-10,0.29,0.082,0.29,0.08,3.173,0.0733066,0.301
2026-Jun-11 00:00,2026-06-11,0.291,0.082,0.292,0.081,3.122,0.0738092,0.303
2026-Jun-12 00:00,2026-06-12,0.293,0.082,0.293,0.081,3.07,0.0743148,0.304
2026-Jun-13 00:00,2026-06-13,0.294,0.082,0.295,0.081,3.019,0.0748236,0.306
2026-Jun-14 00:00,2026-06-14,0.296,0.082,0.296,0.081,2.968,0.0753355,0.307
2026-Jun-15 00:00,2026-06-15,0.297,0.082,0.298,0.081,2.918,0.0758506,0.309
2026-Jun-16 00:00,2026-06-16,0.299,0.083,0.299,0.081,2.867,0.0763688,0.31
2026-Jun-17 00:00,2026-06-17,0.3,0.083,0.301,0.081,2.817,0.0768904,0.312
2026-Jun-18 00:00,2026-06-18,0.302,0.083,0.302,0.082,2.767,0.0774151,0.313
2026-Jun-19 00:00,2026-06-19,0.303,0.083,0.304,0.082,2.717,0.0779432,0.314
2026-Jun-20 00:00,2026-06-20,0.305,0.083,0.305,0.082,2.667,0.0784746,0.316
2026-Jun-21 00:00,2026-06-21,0.306,0.083,0.307,0.082,2.618,0.0790094,0.317
2026-Jun-22 00:00,2026-06-22,0.308,0.083,0.308,0.082,2.569,0.0795475,0.319
2026-Jun-23 00:00,2026-06-23,0.309,0.083,0.31,0.082,2.52,0.080089,0.321
2026-Jun-24 00:00,2026-06-24,0.311,0.083,0.311,0.082,2.472,0.080634,0.322
2026-Jun-25 00:00,2026-06-25,0.313,0.084,0.313,0.083,2.424,0.0811823,0.324
2026-Jun-26 00:00,2026-06-26,0.314,0.084,0.314,0.083,2.376,0.0817341,0.325
2026-Jun-27 00:00,2026-06-27,0.316,0.084,0.316,0.083,2.328,0.0822895,0.327
2026-Jun-28 00:00,2026-06-28,0.317,0.084,0.317,0.083,2.281,0.0828483,0.328
2026-Jun-29 00:00,2026-06-29,0.319,0.084,0.319,0.083,2.234,0.0834106,0.33
2026-Jun-30 00:00,2026-06-30,0.32,0.084,0.32,0.083,2.188,0.0839766,0.331
2026-Jul-01 00:00,2026-07-01,0.322,0.084,0.322,0.084,2.141,0.0845461,0.333
