datetime_str,RA,DEC,delta,r,elong,alpha,RA_3sigma,DEC_3sigma,SMAA_3sigma,SMIA_3sigma,Theta_3sigma,Area_3sigma,RSS_3sigma
2025-Jul-01 00:00,271.97745,-18.69705,3.50681228703009,4.514548234928,171.4003,1.9305,0.052,0.033,0.052,0.033,2.486,0.0053971,0.062
2025-Jul-06 00:00,269.32436,-18.62586,3.35897404226567,4.348025926739,164.7566,3.5256,0.043,0.031,0.043,0.031,1.88,0.0041991,0.053
2025-Jul-11 00:00,266.47548,-18.51703,3.22458696244635,4.181987757093,157.531,5.332,0.035,0.03,0.035,0.03,0.535,0.0032554,0.046
2025-Jul-16 00:00,263.44793,-18.36344,3.10400635613197,4.016510307979,150.0151,7.2673,0.03,0.029,0.03,0.028,-4.845,0.0027238,0.042
2025-Jul-21 00:00,260.26627,-18.15914,2.99742236174976,3.851684437617,142.2947,9.287,0.031,0.028,0.031,0.028,-5.335,0.0026982,0.042
2025-Jul-26 00:00,256.96285,-17.9,2.90477963802501,3.687618490199,134.4211,11.3475,0.036,0.027,0.036,0.027,-3.655,0.0030766,0.045
2025-Jul-31 00:00,253.57565,-17.58417,2.82569522574349,3.524442358969,126.4396,13.4007,0.042,0.028,0.042,0.028,-3.328,0.0036821,0.051
2025-Aug-05 00:00,250.14486,-17.21243,2.75948258687204,3.362312678541,118.3918,15.3952,0.049,0.029,0.049,0.029,-3.434,0.0044049,0.057
2025-Aug-10 00:00,246.71036,-16.78821,2.70520986366327,3.201419470134,110.3161,17.2776,0.054,0.031,0.054,0.031,-3.654,0.00518,0.062
2025-Aug-15 00:00,243.30973,-16.31741,2.66174347701565,3.041994676298,102.2466,18.993,0.057,0.033,0.057,0.033,-3.867,0.0059447,0.066
2025-Aug-20 00:00,239.97683,-15.8078,2.62775952456133,2.884323167607,94.2144,20.4858,0.058,0.036,0.058,0.036,-4.029,0.0066295,0.069
2025-Aug-25 00:00,236.7394,-15.26792,2.60173113608474,2.728756983305,86.2473,21.7012,0.057,0.04,0.057,0.04,-4.176,0.0071736,0.07
2025-Aug-30 00:00,233.61639,-14.70585,2.58200213000159,2.575733792037,78.3661,22.5871,0.055,0.043,0.055,0.043,-4.577,0.0075456,0.07
2025-Sep-04 00:00,230.61758,-14.12857,2.56690297255118,2.425800746494,70.5824,23.0938,0.052,0.047,0.053,0.047,-7.165,0.0077612,0.071
2025-Sep-09 00:00,227.74474,-13.54155,2.55482105552588,2.279645057106,62.8989,23.172,0.049,0.051,0.051,0.049,-70.555,0.0078937,0.071
2025-Sep-14 00:00,224.99337,-12.94869,2.54422625395063,2.13813255842,55.3106,22.7704,0.047,0.055,0.055,0.047,-83.287,0.0080711,0.072
2025-Sep-19 00:00,222.35379,-12.35203,2.53363550772466,2.0023549115,47.8083,21.835,0.046,0.058,0.059,0.046,-82.36,0.0084476,0.074
2025-Sep-24 00:00,219.81055,-11.75126,2.52162501737101,1.873684272132,40.3795,20.3107,0.047,0.062,0.062,0.047,-79.438,0.0091431,0.078
2025-Sep-29 00:00,217.34303,-11.14377,2.50690562162229,1.753830075685,33.008,18.1449,0.05,0.065,0.066,0.049,-75.217,0.010184,0.082
2025-Oct-04 00:00,214.92709,-10.52524,2.48836263916658,1.644884560016,25.6759,15.2941,0.055,0.068,0.07,0.052,-69.967,0.0114924,0.087
2025-Oct-09 00:00,212.5367,-9.89004,2.46506267967492,1.549330763371,18.3693,11.7401,0.06,0.071,0.074,0.056,-64.109,0.0129206,0.093
2025-Oct-14 00:00,210.14505,-9.23166,2.43622949517594,1.469970875108,11.1058,7.5281,0.065,0.073,0.077,0.059,-58.226,0.0142929,0.097
2025-Oct-19 00:00,207.72385,-8.5422,2.4012411792308,1.409724673701,4.2399,3.0091,0.069,0.074,0.08,0.062,-52.806,0.0154371,0.101
2025-Oct-24 00:00,205.2423,-7.81217,2.3597472429274,1.371269815392,4.914,3.547,0.072,0.074,0.081,0.064,-48.024,0.0162173,0.103
2025-Oct-29 00:00,202.66747,-7.03068,2.31178274595975,1.356568635566,12.1078,8.8175,0.074,0.073,0.081,0.065,-43.761,0.0165749,0.104
2025-Nov-03 00:00,199.96417,-6.18546,2.25783068233989,1.36643085023,19.806,14.2236,0.075,0.072,0.08,0.066,-39.826,0.0165714,0.104
2025-Nov-08 00:00,197.0944,-5.26276,2.19883080265823,1.400310353873,27.7628,19.2275,0.075,0.071,0.079,0.066,-36.407,0.0163906,0.103
2025-Nov-13 00:00,194.01596,-4.24682,2.13612835449303,1.45644371728,35.985,23.5167,0.075,0.07,0.079,0.066,-34.361,0.0162542,0.103
2025-Nov-18 00:00,190.68081,-3.11945,2.07149164224623,1.532256025016,44.5127,26.8788,0.075,0.07,0.08,0.065,-34.088,0.0162787,0.103
2025-Nov-23 00:00,187.03738,-1.8617,2.00716687822307,1.624841855385,53.3942,29.1913,0.076,0.07,0.081,0.064,-34.636,0.0164084,0.104
2025-Nov-28 00:00,183.03576,-0.457,1.94587344930514,1.731354331265,62.6767,30.4056,0.077,0.07,0.083,0.063,-34.802,0.0165131,0.104
2025-Dec-03 00:00,178.63529,1.10427,1.89076296294734,1.849237338211,72.397,30.5288,0.078,0.07,0.084,0.063,-33.665,0.0165407,0.105
2025-Dec-08 00:00,173.81387,2.81932,1.84531751620276,1.976319099128,82.5706,29.6123,0.08,0.069,0.085,0.062,-30.382,0.0165827,0.105
2025-Dec-13 00:00,168.57737,4.6679,1.81322070948714,2.110816223748,93.1805,27.7476,0.083,0.067,0.086,0.062,-24.842,0.0168073,0.106
2025-Dec-18 00:00,162.97059,6.60798,1.79821507099435,2.251293090725,104.1621,25.0694,0.087,0.065,0.09,0.062,-18.927,0.0173285,0.109
2025-Dec-23 00:00,157.08615,8.57521,1.80377363791287,2.396605976541,115.396,21.7582,0.093,0.064,0.094,0.061,-14.809,0.0181178,0.112
2025-Dec-28 00:00,151.06248,10.49043,1.83266856542501,2.54584745028,126.7157,18.0329,0.098,0.063,0.099,0.061,-12.68,0.0190045,0.116
2026-Jan-02 00:00,145.06784,12.27477,1.886591104959,2.698297588719,137.9312,14.1277,0.1,0.064,0.102,0.062,-11.828,0.019736,0.119
2026-Jan-07 00:00,139.27289,13.86648,1.96598877189309,2.853383763371,148.861,10.2611,0.1,0.065,0.101,0.063,-11.763,0.02008,0.119
2026-Jan-12 00:00,133.82374,15.23151,2.07022134175973,3.010648568644,159.3526,6.6109,0.096,0.067,0.098,0.065,-12.364,0.0199435,0.117
2026-Jan-17 00:00,128.8262,16.36361,2.19783199966909,3.169724718424,169.2545,3.3142,0.091,0.068,0.093,0.067,-13.7,0.0194407,0.114
2026-Jan-22 00:00,124.34055,17.27792,2.3468132469956,3.330315587331,177.4292,0.7587,0.086,0.07,0.088,0.068,-15.616,0.0188672,0.111
2026-Jan-27 00:00,120.38555,18.00208,2.51486586815561,3.492180180347,171.7386,2.3246,0.083,0.071,0.084,0.07,-16.754,0.0185876,0.11
2026-Feb-01 00:00,116.94766,18.56832,2.69961745470654,3.65512153082,163.5267,4.3862,0.083,0.072,0.084,0.072,-14.002,0.0188864,0.11
2026-Feb-06 00:00,113.99224,19.00812,2.89882311420429,3.818977728905,155.683,6.1053,0.086,0.073,0.086,0.073,-6.959,0.0198586,0.113
2026-Feb-11 00:00,111.4748,19.34894,3.11047278452778,3.983614987145,148.2478,7.4931,0.092,0.074,0.092,0.074,-0.692,0.0214154,0.118
2026-Feb-16 00:00,109.34844,19.61322,3.33276238110921,4.148922299896,141.1891,8.5843,0.1,0.075,0.1,0.075,2.823,0.0233805,0.125
2026-Feb-21 00:00,107.56746,19.81856,3.56405079071965,4.314807355414,134.4674,9.4155,0.108,0.075,0.109,0.075,4.621,0.0255817,0.132
2026-Feb-26 00:00,106.08893,19.97856,3.8028298163413,4.481193502298,128.0446,10.0214,0.118,0.076,0.118,0.075,5.572,0.0278907,0.14
2026-Mar-03 00:00,104.87331,20.10365,4.0477433040322,4.648017698027,121.8842,10.4341,0.127,0.076,0.128,0.075,6.094,0.0302252,0.148
2026-Mar-08 00:00,103.88542,20.20178,4.29761948316902,4.815229397576,115.9514,10.6821,0.137,0.076,0.138,0.075,6.379,0.0325367,0.157
2026-Mar-13 00:00,103.09516,20.27891,4.55142564942384,4.982788979584,110.2165,10.7892,0.146,0.077,0.147,0.075,6.52,0.0347994,0.165
2026-Mar-18 00:00,102.47687,20.33946,4.80819609192296,5.150657777389,104.6553,10.776,0.156,0.077,0.156,0.075,6.57,0.0370059,0.174
2026-Mar-23 00:00,102.00824,20.38656,5.06698798265334,5.318782488725,99.2483,10.6598,0.165,0.077,0.165,0.075,6.559,0.0391633,0.182
2026-Mar-28 00:00,101.66922,20.42239,5.32690566608676,5.487113693466,93.9787,10.4562,0.173,0.077,0.174,0.075,6.499,0.041279,0.19
2026-Apr-02 00:00,101.44196,20.44867,5.58716624122419,5.655620944139,88.83,10.1788,0.182,0.078,0.183,0.075,6.394,0.0433597,0.198
2026-Apr-07 00:00,101.31132,20.46675,5.84708789859221,5.824282925022,83.7864,9.8393,0.19,0.078,0.191,0.076,6.253,0.0454142,0.206
2026-Apr-12 00:00,101.26451,20.47764,6.10603316240769,5.993081659447,78.8344,9.4472,0.199,0.078,0.2,0.076,6.083,0.047452,0.213
2026-Apr-17 00:00,101.29054,20.48207,6.36337728068295,6.162001206652,73.9632,9.0106,0.207,0.078,0.208,0.076,5.889,0.0494834,0.221
2026-Apr-22 00:00,101.37956,20.48057,6.61849811340339,6.33102735351,69.1649,8.537,0.215,0.079,0.216,0.076,5.675,0.0515189,0.229
2026-Apr-27 00:00,101.52243,20.47364,6.87081712549194,6.500147440641,64.4326,8.0331,0.223,0.079,0.223,0.076,5.446,0.0535679,0.236
2026-May-02 00:00,101.71103,20.46176,7.11984391010564,6.669350200723,59.758,7.505,0.23,0.079,0.231,0.077,5.205,0.0556384,0.244
2026-May-07 00:00,101.93846,20.44529,7.36513945123384,6.838625616033,55.1327,6.9578,0.238,0.079,0.239,0.077,4.955,0.0577378,0.251
2026-May-12 00:00,102.19876,20.42451,7.60627772428293,7.007964784656,50.5494,6.3959,0.246,0.08,0.246,0.077,4.698,0.0598733,0.258
2026-May-17 00:00,102.48658,20.39966,7.84283069212473,7.177359794683,46.0023,5.823,0.253,0.08,0.254,0.078,4.437,0.0620521,0.266
2026-May-22 00:00,102.79676,20.37097,8.07437841144786,7.34680360878,41.4879,5.243,0.261,0.08,0.262,0.078,4.172,0.0642814,0.273
2026-May-27 00:00,103.12436,20.33875,8.30057202947498,7.51628995306,37.0032,4.6596,0.269,0.081,0.269,0.079,3.907,0.0665668,0.28
2026-Jun-01 00:00,103.46507,20.30331,8.52113552816464,7.685813227771,32.5433,4.0761,0.276,0.081,0.277,0.079,3.643,0.0689133,0.288
2026-Jun-06 00:00,103.81518,20.26492,8.73581781824468,7.855368435383,28.1038,3.4954,0.284,0.082,0.284,0.08,3.381,0.0713258,0.295
2026-Jun-11 00:00,104.17137,20.2238,8.94437080242162,8.024951113352,23.6814,2.9199,0.291,0.082,0.292,0.081,3.122,0.0738092,0.303
2026-Jun-16 00:00,104.53044,20.18021,9.14654500363224,8.194557273447,19.2764,2.3526,0.299,0.083,0.299,0.081,2.867,0.0763688,0.31
2026-Jun-21 00:00,104.88908,20.13445,9.34212750212353,8.364183341072,14.896,1.797,0.306,0.083,0.307,0.082,2.618,0.0790094,0.317
2026-Jun-26 00:00,105.24417,20.08687,9.53099338900549,8.53382609863,10.5625,1.2583,0.314,0.084,0.314,0.083,2.376,0.0817341,0.325
2026-Jul-01 00:00,105.59303,20.03781,9.71306662559192,8.703482652269,6.3642,0.7487,0.322,0.084,0.322,0.084,2.141,0.0845461,0.333
