datetime_str,x,y,z,vx,vy,vz,r_au,speed_au_per_day
A.D. 2025-Jul-01 00:00:00.0000,0.2748502449299431,-4.496235276885193,0.2891626440257948,-0.01385120397613722,0.0325318510677763,-0.001469951882651763,4.5138995732010825,0.03538838713507369
A.D. 2025-Jul-06 00:00:00.0000,0.2055837141386432,-4.333390671810182,0.2818009195340782,-0.01385528866348952,0.0326069405763544,-0.001474808293872108,4.347407403993878,0.03545922527639602
A.D. 2025-Jul-11 00:00:00.0000,0.1362987327519165,-4.170155837100111,0.2744138116505467,-0.01385854691133348,0.03268805355683755,-0.001480114665892098,4.1813968946124325,0.035535319152253296
A.D. 2025-Jul-16 00:00:00.0000,0.06700004023726498,-4.006498915576724,0.2669989212547944,-0.01386072575796873,0.03277590252317775,-0.001485932371385467,4.01594459496897,0.03561723599268756
A.D. 2025-Jul-21 00:00:00.0000,-0.002306194465331708,-3.842384224821072,0.259553516006482,-0.01386150344188087,0.03287130792536052,-0.001492333673419189,3.8511413733279216,0.035705618916158914
A.D. 2025-Jul-26 00:00:00.0000,-0.07161198047021508,-3.677771672077881,0.2520744702809239,-0.01386046906325424,0.0329752168056463,-0.001499404053282269,3.6870956437625546,0.03580119744572527
A.D. 2025-Jul-31 00:00:00.0000,-0.140906994983512,-3.512616068309573,0.2445581921254667,-0.01385709559278278,0.03308872452109912,-0.001507245094579,3.5239374475035112,0.03590479879453217
A.D. 2025-Aug-05 00:00:00.0000,-0.2101779169977713,-3.346866325656555,0.2370005341322987,-0.01385070386791771,0.03321309965729877,-0.001515978056667708,3.3618236437663302,0.0360173593694861
A.D. 2025-Aug-10 00:00:00.0000,-0.2794075519232562,-3.180464522726905,0.2293966844020689,-0.01384041434534767,0.03334981189823015,-0.001525748292201378,3.2009445479750016,0.036139935400459615
A.D. 2025-Aug-15 00:00:00.0000,-0.3485736754920606,-3.013344824901495,0.2217410329613621,-0.01382508220890587,0.03350056190679416,-0.001536730675836307,3.0415324635297645,0.03627371069140859
A.D. 2025-Aug-20 00:00:00.0000,-0.4176474996461436,-2.845432254522951,0.2140270081857736,-0.01380320993131802,0.03366731095996153,-0.001549136193842594,2.883872692972627,0.03641999800425386
A.D. 2025-Aug-25 00:00:00.0000,-0.4865916293701515,-2.676641322465774,0.2062468772146898,-0.01377282968175647,0.03385230570070684,-0.001563219754245973,2.7283177889067907,0.03658022819361363
A.D. 2025-Aug-30 00:00:00.0000,-0.5553573372841742,-2.506874565892073,0.1983915045167286,-0.01373134635622793,0.03405808882321076,-0.001579289067352821,2.575306010992936,0.036755917088309296
A.D. 2025-Sep-04 00:00:00.0000,-0.6238809326633248,-2.336021101757626,0.1904500643205458,-0.01367533036936851,0.03428747829778004,-0.00159771409125456,2.425385172090708,0.03694859292381109
A.D. 2025-Sep-09 00:00:00.0000,-0.6920789448430181,-2.163955421026151,0.1824097068625198,-0.01360024901924318,0.03454348573555897,-0.001618935720430018,2.2792432145870616,0.03715965733177682
A.D. 2025-Sep-14 00:00:00.0000,-0.759841799008437,-1.990536837185774,0.1742551891822239,-0.01350013275584191,0.03482912626314186,-0.001643470531870897,2.1377467882494536,0.0373901406264855
A.D. 2025-Sep-19 00:00:00.0000,-0.8270256909729115,-1.815610309659202,0.1659685041606982,-0.01336719433792257,0.03514704291297743,-0.001671905383757851,2.001988470107494,0.03764029460042396
A.D. 2025-Sep-24 00:00:00.0000,-0.8934425600611428,-1.639009836139001,0.1575285832897026,-0.01319146582209456,0.03549883317361967,-0.001704871018900095,1.8733414279415979,0.03790895029429138
A.D. 2025-Sep-29 00:00:00.0000,-0.9588485968390305,-1.4605662403288,0.1489112183206654,-0.0129606135296634,0.03588394147014228,-0.001742977548852427,1.7535161604587874,0.03819257426822254
A.D. 2025-Oct-04 00:00:00.0000,-1.022932895287555,-1.280121824190934,0.1400894454048431,-0.01266025078658727,0.03629801027445988,-0.001786689449314894,1.644605924148743,0.038484019528271365
A.D. 2025-Oct-09 00:00:00.0000,-1.08531000640967,-1.09755454633597,0.1310347972969908,-0.01227529791151965,0.03673076713304861,-0.001836096667382275,1.5490945453065084,0.03877116768902859
A.D. 2025-Oct-14 00:00:00.0000,-1.145523227776033,-0.9128127851886125,0.1217198631824769,-0.01179299389741009,0.03716404750799672,-0.001890640457059149,1.4697844642230284,0.03903608143216808
A.D. 2025-Oct-19 00:00:00.0000,-1.203067756593051,-0.7259572858403245,0.1121222822656892,-0.01120781931342785,0.03757118713099654,-0.001948812934667791,1.409594769428063,0.03925566440717995
A.D. 2025-Oct-24 00:00:00.0000,-1.257441545384138,-0.5371986185917049,0.1022299477370054,-0.01052730001857038,0.03791973283404566,-0.002008028565955153,1.3712011369923802,0.039405105793641565
A.D. 2025-Oct-29 00:00:00.0000,-1.308221312231469,-0.3469102775171086,0.09204588342704366,-0.009775624642233733,0.03817844944698127,-0.002064909829163286,1.3565626366222419,0.039464169722979434
A.D. 2025-Nov-03 00:00:00.0000,-1.355143212418335,-0.1555993142622227,0.08159049244709488,-0.008991397001972231,0.03832665633862658,-0.002116035856356217,1.3664850095116732,0.03942404613800624
A.D. 2025-Nov-08 00:00:00.0000,-1.398154938419655,0.03616531329667218,0.0708994513023915,-0.008218754305618862,0.03836087229324085,-0.002158856980354004,1.4004184709964718,0.039290776384491126
A.D. 2025-Nov-13 00:00:00.0000,-1.437414839165144,0.2278412850183049,0.06001768492229851,-0.00749608807361754,0.03829456989131165,-0.002192269613144768,1.4565971280743284,0.039082879443878005
A.D. 2025-Nov-18 00:00:00.0000,-1.473241676187139,0.4189833244992142,0.04899197755812108,-0.006848429390943938,0.03815172362455873,-0.002216580029147555,1.532445195277195,0.03882484034317557
A.D. 2025-Nov-23 00:00:00.0000,-1.506042113606949,0.6092751271273319,0.03786501388888465,-0.006286177222276298,0.03795871427229586,-0.002233024358719539,1.625057779825234,0.03854045161985388
A.D. 2025-Nov-28 00:00:00.0000,-1.536244617743405,0.7985255692671965,0.02667216883117255,-0.005808408819398302,0.03773856519856519,-0.002243205621078458,1.731589447562337,0.03824877629046526
A.D. 2025-Dec-03 00:00:00.0000,-1.564254515316192,0.9866446793297937,0.01544077405507189,-0.005407541752789666,0.03750856239248498,-0.002248688516544676,1.8494859635694199,0.03796301306012922
A.D. 2025-Dec-08 00:00:00.0000,-1.590430932580597,1.173614340045299,0.004190887427553198,-0.005073206852649497,0.03728029495555837,-0.002250799167222481,1.9765775304820654,0.03769116496785911
A.D. 2025-Dec-13 00:00:00.0000,-1.615079578345505,1.359462400379197,-0.007063337309517742,-0.004794702187045989,0.0370607831797504,-0.00225057263221204,2.1110826495349277,0.037437359630879366
A.D. 2025-Dec-18 00:00:00.0000,-1.638454614358065,1.544243170280476,-0.01831223524870152,-0.004562241256031392,0.03685380080542719,-0.002248776696996553,2.251567416318893,0.03720314067007375
A.D. 2025-Dec-23 00:00:00.0000,-1.660764649338709,1.728024105358251,-0.02954941655479016,-0.00436742404276782,0.03666099407479425,-0.002245962701391384,2.3968895880309207,0.03698847425587445
A.D. 2025-Dec-28 00:00:00.0000,-1.68217992017667,1.910877342286778,-0.04077081785516496,-0.004203289714399676,0.03648270176560523,-0.002242518124697715,2.54614291835693,0.03679244569311574
A.D. 2026-Jan-02 00:00:00.0000,-1.702839193863919,2.092874643698839,-0.05197399836426838,-0.004064180612431249,0.03631850910788768,-0.002238711088043525,2.698608324841275,0.03661370638443903
A.D. 2026-Jan-07 00:00:00.0000,-1.722855796034871,2.27408458641395,-0.06315763307554703,-0.003945543355392307,0.03616760261035451,-0.00223472469006821,2.8537136658593063,0.036450744647952026
A.D. 2026-Jan-12 00:00:00.0000,-1.742322623351862,2.454571159443334,-0.07432115408814888,-0.003843727689312397,0.03602898841769659,-0.002230682212293558,3.011001716133636,0.03630204115589569
A.D. 2026-Jan-17 00:00:00.0000,-1.761316201001621,2.634393215134153,-0.08546449905491497,-0.003755807942637086,0.0359016218447042,-0.002226665087261947,3.1701051327131644,0.036166152432805854
A.D. 2026-Jan-22 00:00:00.0000,-1.77989992094211,2.813604417344777,-0.09658793523707516,-0.003679434187991307,0.03578448110819301,-0.002222725448694044,3.33072706403649,0.036041751241395775
A.D. 2026-Jan-27 00:00:00.0000,-1.79812660943022,2.992253466041075,-0.1076919358572081,-0.003612712316533795,0.03567660705549667,-0.002218894704318072,3.492626184066156,0.03592764221297023
A.D. 2026-Feb-01 00:00:00.0000,-1.816040559722571,3.170384466062832,-0.1187770915472348,-0.003554109325531848,0.03557712296639286,-0.002215189130060421,3.6556051447997495,0.03582276419465154
A.D. 2026-Feb-06 00:00:00.0000,-1.83367914539321,3.348037364892796,-0.1298440435356216,-0.003502379603545926,0.03548524359105769,-0.002211613017193441,3.8195016534372583,0.03572618658269946
A.D. 2026-Feb-11 00:00:00.0000,-1.851074109927901,3.525248422380201,-0.140893426464704,-0.003456508667246881,0.03540027983008838,-0.002208159296095114,3.9841815668416056,0.03563710470411768
A.D. 2026-Feb-16 00:00:00.0000,-1.868252614194822,3.702050704320334,-0.1519258058807846,-0.003415672481809193,0.03532164451763575,-0.002204806428433996,4.149533551894356,0.035554838789116736
A.D. 2026-Feb-21 00:00:00.0000,-1.885238122061158,3.878474620104453,-0.1629415835767225,-0.003379214206336251,0.03524886539477566,-0.002201507584397303,4.315464994102669,0.03547884208814426
A.D. 2026-Feb-26 00:00:00.0000,-1.902051232446563,4.054548558437568,-0.1739408077926937,-0.003346649093157528,0.03518161261978472,-0.002198160192282805,4.481898962292124,0.03540872540649076
A.D. 2026-Mar-03 00:00:00.0000,-1.918710671704716,4.230299704561225,-0.1849227159131298,-0.003317733767576143,0.03511974168501457,-0.002194519600989634,4.648772165097472,0.03534429981841192
A.D. 2026-Mar-08 00:00:00.0000,-1.935234989547862,4.405754967214098,-0.1958845215288466,-0.003292702410997791,0.03506325405654825,-0.002189961612643536,4.816033849722881,0.035285543868081304
A.D. 2026-Mar-13 00:00:00.0000,-1.951645974041729,4.580940257271228,-0.2068185586874854,-0.003272643526900677,0.03501144988247216,-0.002183139673561043,4.983644205287838,0.03523177425792378
A.D. 2026-Mar-18 00:00:00.0000,-1.96797052246031,4.755870967429342,-0.217711075123554,-0.003257798461916614,0.03496054485909547,-0.002173643358409213,5.151564301097431,0.035179222178906254
A.D. 2026-Mar-23 00:00:00.0000,-1.984225273225829,4.930542684641021,-0.2285571767151398,-0.003243883193004094,0.03490813758430704,-0.002165317197190216,5.319740546587136,0.035125339092159834
A.D. 2026-Mar-28 00:00:00.0000,-2.0004069489892,5.104955716093762,-0.239369378626467,-0.003228637716129223,0.03485761698605645,-0.002159968667859155,5.488123406435634,0.035073394875528616
A.D. 2026-Apr-02 00:00:00.0000,-2.016511260036282,5.279124694506154,-0.2501597140868154,-0.003213132543813809,0.03481054878285747,-0.002156356837638144,5.656682339017262,0.03502496826720966
A.D. 2026-Apr-07 00:00:00.0000,-2.032539215465861,5.453066578317645,-0.2609342862384689,-0.003198174648283534,0.03476670294391681,-0.00215356561710797,5.825395906863864,0.034979848477926075
A.D. 2026-Apr-12 00:00:00.0000,-2.04849439960172,5.626796347964043,-0.2716960678435734,-0.003184045942014731,0.03472563513222125,-0.002151199695612162,5.99424600762621,0.03493759499489656
A.D. 2026-Apr-17 00:00:00.0000,-2.064381159136945,5.800326960856407,-0.2824467034542752,-0.003170805371918928,0.03468698893827856,-0.002149088621344421,6.163216576052598,0.03489784793097192
A.D. 2026-Apr-22 00:00:00.0000,-2.080203897095837,5.973669819799417,-0.2931872419022808,-0.003158430228944235,0.03465049411791177,-0.002147151420407503,6.332293275606348,0.034860331084897986
A.D. 2026-Apr-27 00:00:00.0000,-2.095966818881501,6.146835132394419,-0.3039184351150649,-0.003146869328917977,0.03461593877721122,-0.002145345246205351,6.50146333265776,0.034824826061681
A.D. 2026-May-02 00:00:00.0000,-2.111673848510093,6.319832150142609,-0.3146408704850961,-0.003136063314646708,0.03458314986139938,-0.002143645029284626,6.670715383363107,0.034791153494258535
A.D. 2026-May-07 00:00:00.0000,-2.127328610739049,6.492669330538749,-0.3253550350185792,-0.00312595262857786,0.03455198131458714,-0.002142034737280653,6.840039323907382,0.03475916146018785
A.D. 2026-May-12 00:00:00.0000,-2.142934438906472,6.665354452710711,-0.3360613491414383,-0.003116480538408427,0.0345223069333842,-0.002140503309471607,7.009426169103193,0.03472871839511104
A.D. 2026-May-17 00:00:00.0000,-2.158494392068913,6.837894705051748,-0.3467601858866416,-0.003107594162714847,0.03449401609044173,-0.002139042602703809,7.178867923599362,0.034699708799699955
A.D. 2026-May-22 00:00:00.0000,-2.174011275720087,7.010296756094418,-0.3574518823458834,-0.003099245071083418,0.03446701108725134,-0.002137646237636801,7.348357468418273,0.034672030582828924
A.D. 2026-May-27 00:00:00.0000,-2.189487665632819,7.182566813256378,-0.368136746666455,-0.003091389850571118,0.03444120474915272,-0.00213630894121289,7.517888462134584,0.034645592673146465
A.D. 2026-Jun-01 00:00:00.0000,-2.20492593259085,7.354710669274281,-0.3788150627319338,-0.003083989769602014,0.03441651804700285,-0.002135026251100398,7.6874552518178065,0.03462031259927575
A.D. 2026-Jun-06 00:00:00.0000,-2.22032826333097,7.526733739028021,-0.3894870938153431,-0.003077009791114086,0.03439287873198684,-0.002133794360370536,7.857052791690901,0.03459611502900454
A.D. 2026-Jun-11 00:00:00.0000,-2.235696677252549,7.698641091803679,-0.4001530854753844,-0.003070417957154164,0.03437022073045019,-0.002132609965923203,8.02667657158937,0.034572931098740205
A.D. 2026-Jun-16 00:00:00.0000,-2.251033041111172,7.870437480829955,-0.4108132677446175,-0.003064185136110999,0.03434848359483125,-0.002131470143232523,8.19632255543803,0.0345506978335351
A.D. 2026-Jun-21 00:00:00.0000,-2.26633908266141,8.042127369917925,-0.4214678567986315,-0.00305828482386619,0.03432761190757078,-0.00213037226307394,8.36598712800205,0.03452935752834044
A.D. 2026-Jun-26 00:00:00.0000,-2.281616403243338,8.21371495719129,-0.4321170562883197,-0.003052692920105435,0.03430755472439643,-0.002129313937446188,8.535667048325646,0.0345088571685027
A.D. 2026-Jul-01 00:00:00.0000,-2.29686648922282,8.385204196212698,-0.4427610584470472,-0.003047387497622038,0.03428826509064891,-0.002128292982026505,8.705359408799556,0.034489147923725504
